frequency	tag	average_word_count	average_descendant_num	immediate_texts_average_length	URL_example	normal_name	preserved_attribute
883	<figure>	7.03284258210646	1.55039637599094	0	https://telex.hu/koronavirus/2020/11/07/koronavirus-jarvany-adatok-szamok-statisztika-uj-fertozottek-halottak-aldozatok https://telex.hu/koronavirus/2021/01/09/koronavirus-magyarorszag-adatok-fertozes-jarvany https://telex.hu/koronavirus/2020/12/31/2971-uj-fertozottet-talaltak-a-statisztika-szerint-108-an-haltak-meg-az-elmult-24-oraban https://telex.hu/koronavirus/2020/10/02/trump-koronavirus-video-usa https://telex.hu/koronavirus/2020/11/18/koronavirus-pp-magyarorszag-vilagszerte-1/elo	default	default
130	<p class=adfree>	11	0	11	https://telex.hu/koronavirus/2020/10/12/koronavirus-magyarorszag-adatok-2020-10-12 https://telex.hu/koronavirus/2020/11/27/135-koronavirusos-beteg-halt-meg-az-elmult-24-oraban https://telex.hu/koronavirus/2020/11/23/koronavirus-magyarorszag-jarvany-fertozes-napi-adat-1 https://telex.hu/koronavirus/2020/11/30/koronavirus-hat-orvos-apolo-elhunyt https://telex.hu/koronavirus/2020/11/08/koronavirus-adatok-november-8	default	default
1	<a ad= content-type=ad href=@LINK placeholder= target=@target>	1.0	0.0	1.0	https://telex.hu/koronavirus/2021/01/04/tomeglelegezteto-magyar-kutatas-massventil	hivatkozas	href
2976	<div class=cover-box>	2.0221774193548385	0.4543010752688172	0.0	https://telex.hu/koronavirus/2021/03/23/normafa-jarvany-szabalyok https://telex.hu/koronavirus/2020/11/05/szijjarto-decemberben-kis-mennyisegben-orosz-oltoanyag-jon-magyarorszagra https://telex.hu/koronavirus/2021/04/04/nem-oltjak-be-soron-kivul-a-lelkeszeket https://telex.hu/koronavirus/2021/04/04/vedomaszk-nelkul-tuntetett-tizezer-ember-stuttgartban-a-jarvanykorlatozasok-ellen https://telex.hu/koronavirus/2020/10/05/irorszag-negy-het-bezarkozas-koronavirus	media_tartalom	default
1	<figure class=image @STYLE>	9.0	3.0	0.0	https://telex.hu/belfold/2020/11/13/500-meter-kijarasi-tilalom-kutyasetaltatas-terkep	media_tartalom	default
17	<h3>	4.0	0.11764705882352941	3.6470588235294117	https://telex.hu/koronavirus/2021/05/08/ingyen-covid-teszteles-az-iskolasoknak-pestszentlorincen https://telex.hu/belfold/2021/05/24/szabalyok-5-millio-oltas-vedettsegi-igazolvany-maszk https://telex.hu/tech/2021/04/30/kormany-kibertamadas-tulterheleses-terheleses-tamadas-ddos-vakcina-oltas-regisztracio-idopontfoglalas-osszeomlas https://telex.hu/belfold/2021/05/17/operativ-torzs-majus-17-hetfo https://telex.hu/koronavirus/2021/05/20/megvan-a-megallapodas-az-eu-s-covid-igazolvanyrol-a-keleti-vakcinakra-nem-vonatkozik	cimsor	default
1	<ol>	49.0	3.0	0.0	https://telex.hu/gazdasag/2021/03/10/a-covid-lathatatlan-szektorokra-is-lesujtott-az-allam-minket-elfelejtett	lista	default
455	<p class=bold article__lead>	40.081318681318685	0.002197802197802198	40.07692307692308	https://telex.hu/koronavirus/2021/03/07/8-40-kor-mar-kilometeres-sor-allt-a-soroksari-ikea-elott-1 https://telex.hu/koronavirus/2021/03/05/osszellenzek-a-kormany-osztalyzata-elegtelen-de-ha-ez-nem-lenne-eleg https://telex.hu/koronavirus/2020/12/28/1094-en-kaptak-meg-eddig-a-vedooltast-magyarorszagon https://telex.hu/koronavirus/2021/01/21/szputnyik-v-gyartas-szallitas-magyarorszag https://telex.hu/sport/2021/01/16/australian-open-47-teniszezo-ket-het-karanten-hotel-charter-jarat-koronavirus-covid	vez_bekezdes	default
16	<s>	4.0	0.75	0.25	https://telex.hu/koronavirus/2021/05/07/oltasi-terv-7-millio-beoltott-majus-7-chart https://telex.hu/koronavirus/2021/04/29/oltasi-terv-7-millio-beoltott-aprilis-29-chart https://telex.hu/koronavirus/2021/05/06/oltasi-terv-7-millio-beoltott-majus-6-chart https://telex.hu/koronavirus/2021/05/09/oltasi-terv-7-millio-beoltott-majus-9 https://telex.hu/koronavirus/2021/05/05/oltasi-terv-7-millio-beoltott-majus-5-chart	athuzott	default
12	<td class=right>	1.0	0.0	1.0	https://telex.hu/koronavirus/2020/10/26/influenza-deli-felteke-oltas-covid	oszlop	default
3945	<div>	146.8316856780735	7.277059569074778	0.0	https://telex.hu/koronavirus/2021/01/15/atlepte-a-ketmilliot-a-koronavirus-halalos-aldozatainak-szama https://telex.hu/koronavirus/2020/11/12/ukrajna-cserkaszi-koronavirus-szules https://telex.hu/koronavirus/2020/12/31/operativ-torzs-oltas-egeszsegugyi-dolgozok https://telex.hu/koronavirus/2021/01/17/nagy-britannia-koronavirus-oltas-vakcina-3-5-millio-ember https://telex.hu/koronavirus/2020/12/22/ksh-felmeres-oltas-bizalmatlansag-pfizer-vakcina-mellekhatas	unwrap	default
199	<p class=bold>	33.90954773869347	0.005025125628140704	33.89949748743719	https://telex.hu/koronavirus/2020/10/18/a-40-milliot-kozeliti-a-koronavirus-fertozottek-szama-vilagszerte https://telex.hu/koronavirus/2021/01/12/disney https://telex.hu/koronavirus/2020/11/03/a-legfontosabb-hirek-a-koronavirusrol-kedde/elo https://telex.hu/koronavirus/2020/11/23/berlin-technobuli-130-ember-feloszlatas-rendorseg-koronavirus https://telex.hu/koronavirus/2020/11/23/koronavirus-vakcinak-harmadik-fazis-astrazeneca-szputnyik-v-moderna-pfizer-janssen	default	default
1155	<div class=article-html-content>	395.75670995671	21.327272727272728	0.0	https://telex.hu/koronavirus/2021/01/04/nemzetkozi-oltokozpont-vakcina-elofoglalast-hirdeto-ceg-hatosagi-vizsgalat-fogyasztovedelem https://telex.hu/koronavirus/2020/12/17/koronavirus-percrol-percre-magyarorszag-vilagszerte-3/elo https://telex.hu/koronavirus/2021/01/27/bill-gates-osszeeskuves-elmelet-mikrochip-vakcina https://telex.hu/koronavirus/2020/11/26/kosarlabda-valogatott-halasztas-eb-selejtezo https://telex.hu/koronavirus/2021/01/06/koronavirus-vakcina-elofoglalas-nemzetkozi-oltokozpont	unwrap	default
13808	<p>	40.0755359212051	0.5598928157589803	38.267598493626885	https://telex.hu/koronavirus/2020/10/07/orvosai-szerint-trump-mar-tunetmentes-az-allapota-stabil-1 https://telex.hu/koronavirus/2020/10/19/kasler-iskola-oszi-szunet-ajanlas https://telex.hu/koronavirus/2020/11/20/koronavirus-vakcina-melyhutes-minusz-70-fok-pfizer-moderna-tarolas https://telex.hu/koronavirus/2021/01/07/alkohol-masodik-hullam-egeszseges-eletmod https://telex.hu/koronavirus/2020/11/03/koronavirus-covid-grafikon-adat-magyarorszag-terjedes-szures-korhaz-lelegeztetogep	bekezdes	default
4464	<a href=@LINK>	4.005600358422939	0.24865591397849462	2.765681003584229	https://telex.hu/koronavirus/2020/10/29/koronavirus-percrol-percre-vilagszerte-magyarorszagon https://telex.hu/koronavirus/2021/01/25/tokioi-olimpia-japan-nyajimmunitas-oltas-kutatas https://telex.hu/koronavirus/2020/12/16/koronavirus-jarvany-percrol-percre-vakcina-covid-19-legfontosabb-hirek/elo https://telex.hu/koronavirus/2020/12/07/koronavirus-percrol-percre-vilagszerte-magyarorszag-1/elo https://telex.hu/koronavirus/2021/01/11/pfizer-vakcina-gyartas-ketmilliard	hivatkozas	href
290	<u>	6.2620689655172415	0.0	6.2620689655172415	https://telex.hu/koronavirus/2020/11/07/szlavik-janos-koronavirus-tomeges-teszteles-oltoanyag-korhazak https://telex.hu/koronavirus/2020/12/24/koronavirus-csutortok-adatok https://telex.hu/koronavirus/2020/12/25/elso-franciaorszagi-eset-a-koronavirus-angliai-valtozatabol https://telex.hu/koronavirus/2020/12/13/nemetorszag-koronavirus-korlatozas-zaras-iskolak-uzletek-karacsony https://telex.hu/koronavirus/2021/01/04/operativ-torzs-tajekoztato-01-04	alahuzott	default
479	<figure class=image>	13.118997912317328	1.966597077244259	0.0	https://telex.hu/belfold/2020/11/17/karacsony-a-budapestiek-tobb-mint-200-milliardot-bukhatnak-orban-vetojaval https://telex.hu/koronavirus/2021/04/16/vakcina-oltas-irigyseg-feltekenyseg-koronavirus-fomo https://telex.hu/koronavirus/2021/04/05/brit-nyitas-koronavirus-enyhites-boris-johnson-sor-aprilis-12-pub https://telex.hu/koronavirus/2021/01/04/nagy-britannia-uj-korlatozasok-koronavirus-jarvany-boris-johnson https://telex.hu/koronavirus/2021/05/03/astrazeneca-2-adagra-4-het-utan-hivjak-az-embereket-automatikusan	media_tartalom	default
405	<figcaption>	15.51604938271605	0.14320987654320988	15.614814814814816	https://telex.hu/koronavirus/2020/12/21/egyesult-kiralysag-lockdown-karantenban-az-orszag-es-jon-a-brexit https://telex.hu/koronavirus/2020/11/05/koronavirus-csutortok-percrol-percre/elo https://telex.hu/koronavirus/2020/11/12/koronavirus-pecs-klinika-sulyos-allapotok https://telex.hu/koronavirus/2020/10/23/vecepapirbol-adnak-ki-belyeget-ausztriaban-a-jarvany-mementojakent https://telex.hu/koronavirus/2021/01/17/muller-cecilia-semmit-sem-erzett-amikor-beoltottak	default	default
180	<div class=cover_image_text>	16.85	0.0	16.85	https://telex.hu/koronavirus/2020/12/23/hosszu-covid-long-covid-kronikus-faradtsag-szovodmeny https://telex.hu/koronavirus/2020/12/03/utanajartunk-a-jarvany-legfurcsabb-statisztikai-jelensegeinek https://telex.hu/koronavirus/2020/11/23/koronavirus-vakcinak-harmadik-fazis-astrazeneca-szputnyik-v-moderna-pfizer-janssen https://telex.hu/koronavirus/2021/01/20/koronavirus-oltas-kotelezove-teheto-allam-munkaado-asboth-marton-tasz-oltasellenesseg-vakcina https://telex.hu/koronavirus/2020/12/15/allami-hekkerek-is-vivjak-a-vakcinahaborut	bekezdes	default
65	<div id=liveblog-items-container>	2130.0	393.4153846153846	0.0	https://telex.hu/koronavirus/2020/12/10/koronavirus-percrol-percre-magyarorszag-kulfold-2/elo https://telex.hu/koronavirus/2020/11/13/koronavirus-percrol-percre-magyarorszag-vilagszerte/elo https://telex.hu/koronavirus/2020/12/05/koronavirus-vilagszerte-adatok/elo https://telex.hu/koronavirus/2020/11/11/koronavirus-pp-vilagszerte-magyarorszag-1/elo https://telex.hu/koronavirus/2020/12/23/nem-csillapodik-a-jarvany-a-magyarok-megis-megrohamoztak-az-uzleteket/elo	default	default
65	<div class=sub-article data-v-5cb55fae=>	2130.0	392.4153846153846	0.0	https://telex.hu/koronavirus/2020/11/19/koronavirus-percrol-percre-vilagszerte-magyarorszag/elo https://telex.hu/koronavirus/2020/11/23/koronavirus-covid-jarvany-adatok-percrol-percre-vakcina/elo https://telex.hu/koronavirus/2020/12/15/koronavirus-percrol-percre-magyarorszag-vilagszerte-2/elo https://telex.hu/koronavirus/2020/12/08/koronavirus-covid-19-fertozes-jarvany-betegseg-vakcina-percrol-percre/elo https://telex.hu/koronavirus/2020/11/25/koronavirus-vakcina-statisztika-napi-hirek-korhaz-egeszsegugy-karanten/elo	default	default
1227	<div class=item data-v-5cb55fae=>	112.8361858190709	19.788101059494704	0.0	https://telex.hu/koronavirus/2020/11/26/koronavirus-november-26/elo https://telex.hu/koronavirus/2020/11/22/koronavirus-vasarnapi-hirek-fertozott/elo https://telex.hu/koronavirus/2020/11/12/koronavirus-pp-2020-11-12/elo https://telex.hu/koronavirus/2020/11/25/koronavirus-vakcina-statisztika-napi-hirek-korhaz-egeszsegugy-karanten/elo https://telex.hu/koronavirus/2020/12/10/koronavirus-percrol-percre-magyarorszag-kulfold-2/elo	kozvetites	default
1227	<div class=subtitle-wrapper data-v-5cb55fae=>	15.754686226568866	13.0	0.0	https://telex.hu/koronavirus/2020/11/23/koronavirus-covid-jarvany-adatok-percrol-percre-vakcina/elo https://telex.hu/koronavirus/2020/11/26/koronavirus-november-26/elo https://telex.hu/koronavirus/2020/12/17/koronavirus-percrol-percre-magyarorszag-vilagszerte-3/elo https://telex.hu/koronavirus/2020/11/22/koronavirus-vasarnapi-hirek-fertozott/elo https://telex.hu/koronavirus/2020/12/09/koronavirus-percrol-percre-vilagszerte-magyarorszag-2/elo	default	default
1227	<div class=article_date data-v-5cb55fae=>	15.754686226568866	9.0	0.0	https://telex.hu/koronavirus/2020/12/10/koronavirus-percrol-percre-magyarorszag-kulfold-2/elo https://telex.hu/koronavirus/2020/12/18/koronavirus-percrol-percre-magyarorszag-kulfold-3/elo https://telex.hu/koronavirus/2020/12/17/koronavirus-percrol-percre-magyarorszag-vilagszerte-3/elo https://telex.hu/koronavirus/2020/12/07/koronavirus-percrol-percre-vilagszerte-magyarorszag-1/elo https://telex.hu/koronavirus/2020/12/10/koronavirus-percrol-percre-magyarorszag-kulfold-2/elo	default	default
1227	<div class=subtitle data-v-5cb55fae=>	8.687856560717197	3.0	0.0	https://telex.hu/koronavirus/2020/12/09/koronavirus-percrol-percre-vilagszerte-magyarorszag-2/elo https://telex.hu/koronavirus/2021/01/21/oltasprogramrol-es-vakcinaigazolasrol-is-kerdezzuk-a-kormanyt/elo https://telex.hu/koronavirus/2020/12/10/koronavirus-percrol-percre-magyarorszag-kulfold-2/elo https://telex.hu/koronavirus/2020/12/18/koronavirus-percrol-percre-magyarorszag-kulfold-3/elo https://telex.hu/koronavirus/2020/12/23/nem-csillapodik-a-jarvany-a-magyarok-megis-megrohamoztak-az-uzleteket/elo	default	default
1227	<h3 data-v-5cb55fae=>	8.687856560717197	1.0	0.0	https://telex.hu/koronavirus/2020/11/20/koronavirus-percrol-percre-magyarorszag-kulfold/elo https://telex.hu/koronavirus/2020/12/18/koronavirus-percrol-percre-magyarorszag-kulfold-3/elo https://telex.hu/koronavirus/2020/11/25/koronavirus-vakcina-statisztika-napi-hirek-korhaz-egeszsegugy-karanten/elo https://telex.hu/koronavirus/2020/12/16/koronavirus-jarvany-percrol-percre-vakcina-covid-19-legfontosabb-hirek/elo https://telex.hu/koronavirus/2020/11/20/koronavirus-percrol-percre-magyarorszag-kulfold/elo	default	default
1227	<a class=article_title data-v-5cb55fae= href=@LINK>	8.687856560717197	0.0	8.687856560717197	https://telex.hu/koronavirus/2020/11/12/koronavirus-pp-2020-11-12/elo https://telex.hu/koronavirus/2020/11/10/koronavirus-pp-magyarorszag-vilagszerte/elo https://telex.hu/koronavirus/2020/12/18/koronavirus-percrol-percre-magyarorszag-kulfold-3/elo https://telex.hu/koronavirus/2020/12/17/koronavirus-percrol-percre-magyarorszag-vilagszerte-3/elo https://telex.hu/koronavirus/2020/12/18/koronavirus-percrol-percre-magyarorszag-kulfold-3/elo	cimsor	default
1227	<div class=article_author data-v-5cb55fae=>	7.066829665851671	4.0	0.0	https://telex.hu/koronavirus/2020/12/11/koronavirus-percrol-percre-jarvany-legfontosabb-hirek-vakcina-oltas/elo https://telex.hu/koronavirus/2020/11/26/koronavirus-november-26/elo https://telex.hu/koronavirus/2020/11/03/a-legfontosabb-hirek-a-koronavirusrol-kedde/elo https://telex.hu/koronavirus/2021/01/21/oltasprogramrol-es-vakcinaigazolasrol-is-kerdezzuk-a-kormanyt/elo https://telex.hu/koronavirus/2020/12/23/nem-csillapodik-a-jarvany-a-magyarok-megis-megrohamoztak-az-uzleteket/elo	default	default
1227	<em data-v-5cb55fae=>	2.066829665851671	1.0	0.0	https://telex.hu/koronavirus/2020/11/06/koronavirus-hirek-pentek-percrol-percre/elo https://telex.hu/koronavirus/2020/12/04/koronavirus-kulfold-belfold-december-4/elo https://telex.hu/koronavirus/2020/12/22/koronavirus-percrol-percre-magyarorszag-vilagszerte-5/elo https://telex.hu/koronavirus/2021/01/21/oltasprogramrol-es-vakcinaigazolasrol-is-kerdezzuk-a-kormanyt/elo https://telex.hu/koronavirus/2020/12/02/koronavirus-legfontosabb-hirek-percrol-percre-covid-19-jarvany-vakcina/elo	kozvetites_szerzo	default
1227	<a class=green data-v-5cb55fae= href=@LINK>	2.066829665851671	0.0	2.066829665851671	https://telex.hu/koronavirus/2020/12/18/koronavirus-percrol-percre-magyarorszag-kulfold-3/elo https://telex.hu/koronavirus/2020/12/01/koronavirus-covid-19-legfontosabb-hirek-percrol-percre-vakcina-korhaz-fertozes/elo https://telex.hu/koronavirus/2020/11/25/koronavirus-vakcina-statisztika-napi-hirek-korhaz-egeszsegugy-karanten/elo https://telex.hu/koronavirus/2020/11/26/koronavirus-november-26/elo https://telex.hu/koronavirus/2020/11/14/koronavirus-percrol-percre-pp-magyarorszag-vilagszerte/elo	default	default
1227	<div class=article_right_date data-v-5cb55fae=>	5.0	1.0	0.0	https://telex.hu/koronavirus/2020/11/03/a-legfontosabb-hirek-a-koronavirusrol-kedde/elo https://telex.hu/koronavirus/2020/11/14/koronavirus-percrol-percre-pp-magyarorszag-vilagszerte/elo https://telex.hu/koronavirus/2020/11/14/koronavirus-percrol-percre-pp-magyarorszag-vilagszerte/elo https://telex.hu/koronavirus/2020/11/15/koronavirus-hirek-vasarnap-november-15/elo https://telex.hu/koronavirus/2020/11/06/koronavirus-hirek-pentek-percrol-percre/elo	kozvetites_ido	default
1227	<span data-v-5cb55fae=>	5.0	0.0	5.0	https://telex.hu/koronavirus/2020/11/10/koronavirus-pp-magyarorszag-vilagszerte/elo https://telex.hu/koronavirus/2020/11/05/koronavirus-csutortok-percrol-percre/elo https://telex.hu/koronavirus/2020/11/19/koronavirus-percrol-percre-vilagszerte-magyarorszag/elo https://telex.hu/koronavirus/2021/01/21/oltasprogramrol-es-vakcinaigazolasrol-is-kerdezzuk-a-kormanyt/elo https://telex.hu/koronavirus/2020/12/09/koronavirus-percrol-percre-vilagszerte-magyarorszag-2/elo	default	default
1227	<div class=article-html-content data-v-5cb55fae=>	97.08149959250204	4.788101059494703	0.0	https://telex.hu/koronavirus/2020/12/03/koronavirus-percrol-percre-pp-magyarorszag-vilagszerte-1/elo https://telex.hu/koronavirus/2020/11/18/koronavirus-pp-magyarorszag-vilagszerte-1/elo https://telex.hu/koronavirus/2020/12/15/koronavirus-percrol-percre-magyarorszag-vilagszerte-2/elo https://telex.hu/koronavirus/2020/11/17/koronavirus-percrol-percre-magyarorszag-vilagszerte-1/elo https://telex.hu/koronavirus/2020/11/05/koronavirus-csutortok-percrol-percre/elo	kozvetites_content	default
986	<a href=@LINK target=@target>	1.9898580121703855	0.012170385395537525	1.9046653144016228	https://telex.hu/koronavirus/2021/01/20/egyesult-kiralysag-korhazak-koronavirus-covid-19 https://telex.hu/koronavirus/2020/10/26/koronavirus-adatok-fertozottek-magyarorszag-10-26 https://telex.hu/koronavirus/2020/11/06/semmelweis-egyetem-gyogyszerszabadalom-fluvoxamin-tudohegesedes-koronavirus https://telex.hu/koronavirus/2020/11/08/koronavirus-napi-hirek-vasarnap-november-8/elo https://telex.hu/koronavirus/2021/01/11/szerbia-jarvany-oltas-regisztracios-oldal	hivatkozas	href
1948	<strong>	7.431724845995893	0.11396303901437371	6.728952772073922	https://telex.hu/koronavirus/2020/10/27/koronavirus-percrol-percre-magyarorstaf-kulfold-1027 https://telex.hu/koronavirus/2020/10/22/pentektol-szabadteri-rendezvenyeken-is-kotelezo-lesz-a-maszk https://telex.hu/koronavirus/2020/12/04/koronavirus-magyarorszag-adatok-fertozottek-elhunytak-december-4 https://telex.hu/koronavirus/2020/12/11/halaleset-korhaz-betegek-hozzatartozo-latogatas-berettyoujfalu-fenyegetes-hatterhatalom https://telex.hu/koronavirus/2020/12/02/egyesult-kiralysag-nagy-britannia-vakcina-pfizer-biontech-engedelyezes	felkover	default
274	<ul>	92.33941605839416	9.05109489051095	0.0	https://telex.hu/koronavirus/2020/11/18/operativ-torzs-tajekoztato-11-18-muller-cecilia https://telex.hu/koronavirus/2020/10/15/koronavirus-szovodmeny-kutatas-agy-sziv-errendszer https://telex.hu/koronavirus/2021/01/24/jarvany-vakcina-oltas-magyar-kormany-brusszelezes-europai-unio-kinai-orosz-vakcina-pfizer-astrazeneca https://telex.hu/koronavirus/2020/12/19/koronavirus-lezarasok-korlatozasok-anglia-svajc-europa https://telex.hu/koronavirus/2020/12/22/koronavirus-percrol-percre-magyarorszag-vilagszerte-5/elo	lista	default
1506	<li>	17.59694555112882	0.646746347941567	14.422974767596282	https://telex.hu/koronavirus/2020/11/10/rendkivuli-jogrend-kijarasi-korlatozas-rendelet-veszelyhelyzet https://telex.hu/koronavirus/2021/01/06/koronavirus-gyujtocik-magyarorszag-kulfold-roviden https://telex.hu/koronavirus/2020/12/03/koronavirus-percrol-percre-pp-magyarorszag-vilagszerte-1/elo https://telex.hu/koronavirus/2021/01/07/az-elso-negy-idosotthon-lakoinak-csak-43-szazaleka-kert-az-oltasbol https://telex.hu/koronavirus/2020/11/03/adatok-koronavirus-magyarorszag-fertozottek	listaelem	default
962	<blockquote>	24.154885654885653	1.104989604989605	0.0	https://telex.hu/koronavirus/2021/01/25/vakcina-nemetorszag-csak-a-65-alattiak-beoltani-oxford-astra-zeneca https://telex.hu/koronavirus/2020/12/03/orban-viktor-covid-19-update-bejelentes-targyalas https://telex.hu/koronavirus/2021/01/19/operativ-torzs-tajekoztato-01-19 https://telex.hu/koronavirus/2021/01/01/jarvany-magyarorszag-adatok-statisztika-uj-halalesetek-fertozottek https://telex.hu/koronavirus/2021/01/11/hende-csaba-onkenteskedik-lazat-mer-a-szombathelyi-korhazban	idezet	default
512	<h2>	5.21484375	0.041015625	5.029296875	https://telex.hu/koronavirus/2020/12/27/paratartalom-jarvany-terjedes-cseppecske-parasito-kutatas https://telex.hu/koronavirus/2020/12/11/vakcina-oltas-logisztika-hutes-tarolas-szallitas-magyar-oltasi-stratagia-oltasi-terv-pfizer-biontech-astrazeneca https://telex.hu/koronavirus/2020/11/08/muller-cecilia-higienes-szabalyok-felelosseg https://telex.hu/koronavirus/2020/11/19/europai-unio-orosz-vakcina-figyelmeztetes https://telex.hu/koronavirus/2020/12/25/a-nemetek-ketharmada-kesz-beoltatni-magat	cimsor	default
109	<a href=@LINK rel=noopener noreferrer target=@target>	2.2477064220183487	0.027522935779816515	2.1376146788990824	https://telex.hu/koronavirus/2020/10/07/koronavirus-percrol-percre-covid-19-jarvany https://telex.hu/koronavirus/2020/10/02/koronavirus-magyarorszag-fertozottsegi-csucs https://telex.hu/koronavirus/2020/11/25/koronavirus-vakcina-statisztika-napi-hirek-korhaz-egeszsegugy-karanten/elo https://telex.hu/koronavirus/2020/10/19/kozeliti-a-40-milliot-a-fertozottek-szama-vilagszerte https://telex.hu/koronavirus/2020/10/16/who-egeszsegugyi-vilagszervezet-remdesivir-hatastalan	hivatkozas	href
439	<a href=@LINK rel=noopener noreferrer>	5.364464692482915	0.33712984054669703	3.068337129840547	https://telex.hu/koronavirus/2020/10/08/sajat-gyogyszert-gyartunk-a-koronavirus-ellen-de-meg-sok-a-kerdes https://telex.hu/koronavirus/2020/10/13/koronavirus-percrol-percre-kedd-2020-10-13 https://telex.hu/koronavirus/2020/10/14/pdsz-felmeres-pedagogusok-jarvanykezeles https://telex.hu/koronavirus/2020/10/09/koronavirus-magyarorszag-fertozes-jarvany-napi-adat-2 https://telex.hu/koronavirus/2020/10/20/koronavirus-fertozes-jarvany-magyarorszag-napi-adat	hivatkozas	href
29	<div class=framed-content>	107.41379310344827	7.103448275862069	0.0	https://telex.hu/koronavirus/2020/10/03/koronavirus-magyarorszag-elorejelzes-tetozes-halaleset https://telex.hu/koronavirus/2020/10/29/pozitiv-tesztek-szama-aranya-statisztika-grafikon-koronavirus-covid https://telex.hu/koronavirus/2020/11/03/adatok-koronavirus-magyarorszag-fertozottek https://telex.hu/koronavirus/2020/10/28/koronavirus-magyarorszag-napi-adatok-fertozottek https://telex.hu/koronavirus/2020/10/05/nem-akarja-beoltatni-magat-a-magyarok-nagyobb-resze	doboz	default
258	<i>	9.87984496124031	0.16666666666666666	7.790697674418604	https://telex.hu/koronavirus/2020/11/05/koronavirus-csutortok-percrol-percre/elo https://telex.hu/koronavirus/2020/12/19/koronavirus-lezarasok-korlatozasok-anglia-svajc-europa https://telex.hu/koronavirus/2020/12/21/koronavirus-uj-mutacio-anglia-mennyire-veszelyes-vakcina-gyors-terjedes https://telex.hu/koronavirus/2020/12/16/bkk-jaratsurites-kormanyhivatal-1 https://telex.hu/koronavirus/2021/01/29/boris-johnson-az-eu-surgosen-tisztazza-szandekait	dolt	default
3	<a _blank= href=@LINK>	2.6666666666666665	0.0	2.6666666666666665	https://telex.hu/koronavirus/2020/12/03/koronavirus-teszt-pcr-hatosagi-karanten https://telex.hu/koronavirus/2021/01/04/tomeglelegezteto-magyar-kutatas-massventil https://telex.hu/koronavirus/2020/12/03/koronavirus-teszt-pcr-hatosagi-karanten	hivatkozas	href
1	<a height:=@STYLE href=@LINK padding-bottom:= position:= relative= style=@STYLE width:=@STYLE>	6.0	1.0	6.0	https://telex.hu/koronavirus/2020/10/09/koronavirus-idosotthon-nograd-megye-somogy-megye	hivatkozas	href
8	<a class=__cf_email__ data-cfemail=@LONG href=@LINK>	2.0	0.0	2.0	https://telex.hu/koronavirus/2020/11/07/egy-nap-alatt-130-ezer-uj-fertozottet-talaltak-az-egyesult-allamokban/elo https://telex.hu/koronavirus/2020/12/18/magyarorszag-jarvany-fertozes-koronavirus-napi-adat https://telex.hu/koronavirus/2020/12/18/koronavirus-percrol-percre-magyarorszag-kulfold-3/elo https://telex.hu/koronavirus/2020/11/09/covid-sztorik-koronavirus-korhaz-iskola-korterem-teszteles-haziorvos https://telex.hu/koronavirus/2021/01/26/gerendai-karoly-koronavirus-vendeglatohely-etterem-jarvanyugyi-korlatozasok	hivatkozas	href
35	<h1>	4.057142857142857	0.02857142857142857	3.8857142857142857	https://telex.hu/koronavirus/2020/10/14/koronavirus-karanten-iskola-orvos-igazolas-tappenz-teszt-korhaz https://telex.hu/koronavirus/2020/10/14/mar-a-masodik-koronavirus-elleni-orosz-vakcinat-is-bejegyeztek https://telex.hu/koronavirus/2020/10/14/koronavirus-karanten-iskola-orvos-igazolas-tappenz-teszt-korhaz https://telex.hu/koronavirus/2020/10/08/sajat-gyogyszert-gyartunk-a-koronavirus-ellen-de-meg-sok-a-kerdes https://telex.hu/koronavirus/2020/10/08/sajat-gyogyszert-gyartunk-a-koronavirus-ellen-de-meg-sok-a-kerdes	default	default
2	<a href=@LINK noopener= noreferrer=>	10.0	1.0	0.0	https://telex.hu/koronavirus/2020/10/16/koronavirus-hirek-jarvany-magyarorszag-vilagszerte https://telex.hu/koronavirus/2020/10/19/kozeliti-a-40-milliot-a-fertozottek-szama-vilagszerte	hivatkozas	href
6	<span class=__cf_email__ data-cfemail=@LONG>	2.0	0.0	2.0	https://telex.hu/koronavirus/2020/11/03/kora-este-jelenti-be-az-ujabb-jarvanyugyi-szigoritasokat-orban-viktor https://telex.hu/koronavirus/2020/12/01/covid-koronavirus-tunetek-gyogyulas-laz-izomfajdalom-ido-szaglas-tortenet-naplo https://telex.hu/koronavirus/2020/11/03/adatok-koronavirus-magyarorszag-fertozottek https://telex.hu/koronavirus/2020/10/14/koronavirus-karanten-iskola-orvos-igazolas-tappenz-teszt-korhaz https://telex.hu/koronavirus/2020/11/09/covid-sztorik-koronavirus-korhaz-iskola-korterem-teszteles-haziorvos	default	default
1	<figure class=table>	1.0	31.0	0.0	https://telex.hu/koronavirus/2021/04/01/szputnyik-v-orosz-vakcina-oltas-szallitmanyok-adagok-mennyiseg-hany-fonek-eleg-adatok-szamok https://telex.hu/koronavirus/2020/10/26/influenza-deli-felteke-oltas-covid	unwrap	default
1	<table>	1.0	30.0	0.0	https://telex.hu/koronavirus/2020/10/26/influenza-deli-felteke-oltas-covid	table_text	default
1	<tbody>	1.0	29.0	0.0	https://telex.hu/koronavirus/2020/10/26/influenza-deli-felteke-oltas-covid	unwrap	default
5	<tr>	1.0	4.8	0.0	https://telex.hu/koronavirus/2020/10/26/influenza-deli-felteke-oltas-covid https://telex.hu/koronavirus/2020/10/26/influenza-deli-felteke-oltas-covid https://telex.hu/koronavirus/2020/10/26/influenza-deli-felteke-oltas-covid https://telex.hu/koronavirus/2020/10/26/influenza-deli-felteke-oltas-covid https://telex.hu/koronavirus/2020/10/26/influenza-deli-felteke-oltas-covid	sor	default
20	<td>	1.0	0.2	0.8	https://telex.hu/koronavirus/2020/10/26/influenza-deli-felteke-oltas-covid https://telex.hu/koronavirus/2020/10/26/influenza-deli-felteke-oltas-covid https://telex.hu/koronavirus/2020/10/26/influenza-deli-felteke-oltas-covid https://telex.hu/koronavirus/2020/10/26/influenza-deli-felteke-oltas-covid https://telex.hu/koronavirus/2020/10/26/influenza-deli-felteke-oltas-covid	oszlop	default